{
    "mean_accuracy_per_label": {
        "hand_up_back": 1.0,
        "hands_forward": 1.0,
        "hands_up": 0.8333333333333334,
        "lifting": 1.0,
        "pull": 0.6666666666666666,
        "push": 0.75,
        "sitting": 1.0,
        "squatting": 0.875,
        "standing": 0.3333333333333333,
        "walking": 0.6666666666666666
    },
    "total_mean_accuracy": 0.8461538461538461
}