{
    "mean_accuracy_per_label": {
        "hand_up_back": 0.7142857142857143,
        "hands_forward": 0.6666666666666666,
        "hands_up": 0.6666666666666666,
        "lifting": 1.0,
        "pull": 0.6666666666666666,
        "push": 0.75,
        "sitting": 1.0,
        "squatting": 0.6666666666666666,
        "standing": 0.25,
        "walking": 1.0
    },
    "total_mean_accuracy": 0.75
}