{
    "mean_accuracy_per_label": {
        "hand_up_back": 0.8333333333333334,
        "hands_forward": 0.8333333333333334,
        "hands_up": 1.0,
        "lifting": 0.8333333333333334,
        "pull": 0.0,
        "push": 0.3333333333333333,
        "sitting": 1.0,
        "squatting": 0.5,
        "standing": 0.6666666666666666,
        "walking": 1.0
    },
    "total_mean_accuracy": 0.75
}