{
    "mean_accuracy_per_label": {
        "hand_up_back": 0.8333333333333334,
        "hands_forward": 0.625,
        "hands_up": 0.6666666666666666,
        "lifting": 0.8333333333333334,
        "pull": 0.0,
        "push": 0.0,
        "sitting": 0.3333333333333333,
        "squatting": 0.16666666666666666,
        "standing": 0.0,
        "walking": 0.8333333333333334
    },
    "total_mean_accuracy": 0.5306122448979592
}