{
    "mean_accuracy_per_label": {
        "hand_up_back": 0.8333333333333334,
        "hands_forward": 1.0,
        "hands_up": 1.0,
        "lifting": 1.0,
        "pull": 0.8333333333333334,
        "push": 1.0,
        "sitting": 0.75,
        "squatting": 1.0,
        "standing": 0.0,
        "walking": 1.0
    },
    "total_mean_accuracy": 0.8571428571428571
}