{
    "mean_accuracy_per_label": {
        "hand_up_back": 1.0,
        "hands_forward": 0.8571428571428571,
        "hands_up": 0.8,
        "lifting": 1.0,
        "pull": 0.6,
        "push": 0.5,
        "sitting": 1.0,
        "squatting": 0.6666666666666666,
        "standing": 0.6666666666666666,
        "walking": 0.0
    },
    "total_mean_accuracy": 0.7659574468085106
}